{
    "getAllbuses" : [
        {
        "bus": {
        "busId": 1,
        "routeId": "MumThane1"
        },
        "route": {
        "routeId": "MumThane1",
        "route": "Mumbai Central,Goregaon,Borivale,Thane"
        }
        },
        {
        "bus": {
        "busId": 2,
        "routeId": "MumThane2"
        },
        "route": {
        "routeId": "MumThane2",
        "route": "Mumbai Central,Goregaon,Powai,Thane"
        }
        },
        {
        "bus": {
        "busId": 3,
        "routeId": "MumThane2"
        },
        "route": {
        "routeId": "MumThane2",
        "route": "Mumbai Central,Goregaon,Powai,Thane"
        }
        },
        {
        "bus": {
        "busId": 4,
        "routeId": "MumNaviMum2"
        },
        "route": {
        "routeId": "MumNaviMum2",
        "route": "Mumbai Central,Bandra,Dadar,Powai,Airoli"
        }
        }
        
       ],
       "authenticate":{"authenticate": true}
      
}